geolocation_zip_code_prefix,geolocation_lat,geolocation_lng,geolocation_city,geolocation_state
01013,-23.546923208436723,-46.6342636964915,sao paulo,SP
01050,-23.549773516504185,-46.64559900666509,sao paulo,SP
01007,-23.550392524842728,-46.637301640717844,sao paulo,SP
01026,-23.539494799586286,-46.632843914149746,são paulo,SP
01031,-23.536864121011018,-46.63349313820771,sao paulo,SP
01008,-23.54425493154535,-46.634639135589296,sao paulo,SP
01021,-23.54516769470249,-46.632248679583284,sao paulo,SP
01129,-23.5259237463212,-46.642131776011375,sao paulo,SP
01221,-23.54601532944774,-46.649001960038035,sao paulo,SP
01231,-23.5367081559813,-46.6596418411045,sao paulo,SP
01222,-23.547159576461446,-46.64989460560333,são paulo,SP
01228,-23.54839279655493,-46.659018341392965,sao paulo,SP
01212,-23.537511255832708,-46.637057307436756,são paulo,SP
01233,-23.540299470713858,-46.662783605199316,sao paulo,SP
01333,-23.56356993894623,-46.65184216708981,sao paulo,SP
01314,-23.550271219805026,-46.641530430203645,sao paulo,SP
01306,-23.55433380183505,-46.64967363918865,sao paulo,SP
01424,-23.56816235942637,-46.66117892867444,sao paulo,SP
01420,-23.56851813765943,-46.65191532569683,sao paulo,SP
01451,-23.583489065785624,-46.68508055092622,sao paulo,SP
01454,-23.582148872612336,-46.68638063183105,sao paulo,SP
01511,-23.555682314184306,-46.63309991286275,sao paulo,SP
01539,-23.573782561198005,-46.62058066708981,sao paulo,SP
01541,-23.568722298084143,-46.61880092397124,sao paulo,SP
01522,-23.55916467499565,-46.61546691825843,sao paulo,SP
01551,-23.576649380518187,-46.612162325696836,sao paulo,SP
01524,-23.5670455434244,-46.61611199999999,sao paulo,SP
01512,-23.553644898695822,-46.63261889578163,sao paulo,SP
02066,-23.508759080212354,-46.602973042876144,sao paulo,SP
02030,-23.504769581649203,-46.62470303231384,sao paulo,SP
02060,-23.51886128198398,-46.60382280391252,sao paulo,SP
02016,-23.50097763469062,-46.62712333406575,sao paulo,SP
02041,-23.49010232139766,-46.61972998972821,sao paulo,SP
02033,-23.50215379349651,-46.61688101249347,sao paulo,SP
02013,-23.5030857485429,-46.633822941716204,sao paulo,SP
02028,-23.50751845268047,-46.6174707485429,sao paulo,SP
02135,-23.498807971146547,-46.573631134485446,sao paulo,SP
02258,-23.47623536441803,-46.58210664723873,sao paulo,SP
02252,-23.479316999999995,-46.5904340471753,sao paulo,SP
02350,-23.459346031363605,-46.60929309103239,sao paulo,SP
02362,-23.638582820562608,-46.60817566849105,sao paulo,SP
02310,-23.4719444074384,-46.59864459256161,sao paulo,SP
02307,-23.48287504884874,-46.60800472883605,sao paulo,SP
02408,-23.48192669608748,-46.62646540521669,sao paulo,SP
02537,-23.49266694338963,-46.649278230509495,sao paulo,SP
02613,-23.472582799613345,-46.66107383097695,sao paulo,SP
02634,-23.46016520927345,-46.65066418373822,sao paulo,SP
02751,-23.489584790770785,-46.68192027136849,sao paulo,SP
02842,-23.473527475157262,-46.68753138481736,sao paulo,SP
02859,-23.44337350375091,-46.706723413266786,são paulo,SP
02989,-23.429807053203387,-46.7211738556802,sao paulo,SP
02998,-23.44062768720067,-46.72250811434592,são paulo,SP
02972,-23.48029674271453,-46.71122495337295,sao paulo,SP
03088,-23.52731184179699,-46.56137431473256,sao paulo,SP
03025,-23.53489030252754,-46.60945369747245,sao paulo,SP
03029,-23.528716250620374,-46.62026515958797,sao paulo,SP
03071,-23.533721612268447,-46.562341521640086,sao paulo,SP
03062,-23.54268733028447,-46.59453248320733,sao paulo,SP
03058,-23.540068922074838,-46.59345022487023,sao paulo,SP
03069,-23.535964728836067,-46.56487377462638,sao paulo,SP
03031,-23.52833381848348,-46.61941011172019,sao paulo,SP
03165,-23.561902561746255,-46.58015179808413,sao paulo,SP
03111,-23.558072306116813,-46.60586586856825,sao paulo,SP
03127,-23.57744523619365,-46.58928864723873,sao paulo,SP
03185,-23.56351781487679,-46.584379697472464,sao paulo,SP
03138,-23.587596922557612,-46.58181527338564,sao paulo,SP
03141,-23.590022776821186,-46.57065833812266,sao paulo,SP
03187,-23.566230979700467,-46.58020347785505,sao paulo,SP
03110,-23.556906147094494,-46.60849426977895,sao paulo,SP
03126,-23.58067325143878,-46.591568341608856,sao paulo,SP
03275,-23.586208449622042,-46.535891443101185,sao paulo,SP
03236,-23.594918280599003,-46.5541035925616,são paulo,SP
03273,-23.57841833611285,-46.5592068753823,sao paulo,SP
03237,-23.59539756425642,-46.55163738273989,são paulo,SP
03204,-23.597985520399334,-46.555472787119875,sao paulo,SP
03287,-23.59519232500434,-46.53381915834724,são paulo,SP
03386,-23.584168436997306,-46.530661361493515,são paulo,SP
03333,-23.556849999163273,-46.56941527477062,são paulo,SP
03334,-23.554597380692613,-46.57370400298258,sao paulo,SP
03378,-23.575139177299555,-46.54103782670819,sao paulo,SP
03370,-23.56799537246812,-46.55762524340702,sao paulo,SP
03426,-23.554079433810344,-46.53324185942636,sao paulo,SP
03470,-23.572820577298156,-46.523296403831715,sao paulo,SP
03431,-23.554133203993324,-46.53048959908248,sao paulo,SP
03471,-23.56625832001269,-46.51841724632121,sao paulo,SP
03513,-23.533151950603,-46.52395517943906,sao paulo,SP
03564,-23.53321650340715,-46.50046729003948,sao paulo,SP
03573,-23.56168119891244,-46.506271105553324,sao paulo,SP
03504,-23.53877907744238,-46.536485668330556,sao paulo,SP
03508,-23.532711024698507,-46.532969502221704,sao paulo,SP
03562,-23.54478975206393,-46.495489292925285,são paulo,SP
03569,-23.541941545934563,-46.490954888424035,sao paulo,SP
03685,-23.523772565271575,-46.47524063467857,sao paulo,SP
03669,-23.53270178351319,-46.489674216486804,são paulo,SP
03647,-23.530828892867447,-46.527533900773285,sao paulo,SP
03660,-23.523945619221767,-46.50583600788512,sao paulo,SP
03605,-23.521211518177626,-46.54688421495761,sao paulo,SP
03638,-23.528709869553918,-46.541723908967604,sao paulo,SP
03667,-23.53204714071786,-46.49681439647412,sao paulo,SP
03707,-23.506898050233723,-46.542727702608346,sao paulo,SP
03733,-23.50914521065843,-46.53066228518663,sao paulo,SP
03702,-23.51674732944774,-46.54818243075192,sao paulo,SP
03804,-23.50271592062436,-46.48299647362806,sao paulo,SP
03880,-23.50869470774424,-46.48672956633388,sao paulo,SP
03821,-23.49517247515727,-46.50119464071786,são paulo,SP
03872,-23.512538179294822,-46.501081124617684,sao paulo,SP
03810,-23.49561368443072,-46.46853447890816,sao paulo,SP
03809,-23.489345713572618,-46.47738070858095,sao paulo,SP
03813,-23.486683575401436,-46.46746268716547,sao paulo,SP
03910,-23.584523195554322,-46.51460627909786,sao paulo,SP
03937,-23.58790062753188,-46.501829952680446,são paulo,SP
03951,-23.58353292305826,-46.48957476496762,sao paulo,SP
03978,-23.620711028196066,-46.50502035212637,sao paulo,SP
03933,-23.583430697472455,-46.502034244243724,sao paulo,SP
03971,-23.615020791563268,-46.47934165652957,são paulo,SP
03985,-23.604807688037397,-46.51393544532286,sao paulo,SP
04042,-23.602707503462444,-46.64264399999999,sao paulo,SP
04001,-23.57230126005544,-46.65200020136758,sao paulo,SP
04015,-23.58705433389114,-46.64555835443469,sao paulo,SP
04081,-23.607805934502824,-46.66456328559066,sao paulo,SP
04022,-23.593023000000002,-46.646572500000005,sao paulo,SP
04007,-23.578282707744236,-46.65102362378097,sao paulo,SP
04045,-23.61763890592578,-46.6389807441141,sao paulo,SP
04023,-23.59260141454472,-46.64220514451519,sao paulo,SP
04010,-23.58335776464306,-46.637907987794975,sao paulo,SP
04087,-23.609026190856948,-46.65965657991232,sao paulo,SP
04008,-23.581106936724524,-46.65149797183904,são paulo,SP
04075,-23.602705281435725,-46.65748758756995,sao paulo,SP
04112,-23.587426843470436,-46.62893070898499,sao paulo,SP
04145,-23.615650550377957,-46.632050884817346,sao paulo,SP
04119,-23.600995072162263,-46.63496187621901,são paulo,SP
04122,-23.603187216486816,-46.62096322009347,sao paulo,SP
04142,-23.611654194010004,-46.63258761587511,sao paulo,SP
04195,-23.657250175378767,-46.610759448111224,sao paulo,SP
04134,-23.60757354815625,-46.62252191756594,sao paulo,SP
04102,-23.592723631975286,-46.6315844403312,sao paulo,SP
04171,-23.632235999999992,-46.61515349999999,sao paulo,SP
04160,-23.62358155176294,-46.61056007369148,sao paulo,SP
04180,-23.63697817262972,-46.597344244243736,sao paulo,SP
04205,-23.58045999999996,-46.605929999999944,são paulo,SP
04243,-23.626269,-46.586534475522996,sao paulo,SP
04273,-23.612052666446743,-46.60783466642034,sao paulo,SP
04222,-23.602219826533556,-46.58613386955392,sao paulo,SP
04206,-23.572466571680312,-46.60558007013957,sao paulo,SP
04230,-23.601843679000368,-46.60023440606268,sao paulo,SP
04208,-23.584614569248075,-46.60193214931619,são paulo,SP
04265,-23.58667354731954,-46.61242320483004,são paulo,SP
04248,-23.61411790980433,-46.60034800222169,sao paulo,SP
04302,-23.621426340267785,-46.637372330976966,sao paulo,SP
04367,-23.652502847625374,-46.66809535567546,são paulo,SP
04378,-23.646246311207523,-46.663498688368854,sao paulo,SP
04474,-23.53092205635057,-46.555643089243375,sao paulo,SP
04403,-23.667843855675457,-46.66038973120199,sao paulo,SP
04401,-23.670706610046736,-46.66108764570951,sao paulo,SP
04455,-23.678985771856432,-46.678985470858095,sao paulo,SP
04445,-23.68080098473656,-46.684024129753595,sao paulo,SP
04461,-23.69289565500035,-46.68021046531817,sao paulo,SP
04533,-23.583507359974625,-46.67732112031853,sao paulo,SP
04542,-23.588898319435764,-46.683128770615674,sao paulo,SP
04562,-23.61199319761669,-46.682858755207995,sao paulo,SP
04569,-23.6022825745282,-46.69322772967279,são paulo,SP
04509,-23.590774173466443,-46.67100192576026,sao paulo,SP
04561,-23.6119461648681,-46.68121078074323,sao paulo,SP
04556,-23.611487777407536,-46.67771426763211,sao paulo,SP
04567,-23.61424927422236,-46.688441054821354,sao paulo,SP
04618,-23.619501000000003,-46.67681249999998,sao paulo,SP
04615,-23.620032660280465,-46.67092443075191,sao paulo,SP
04696,-23.66897161033521,-46.702511553580614,sao paulo,SP
04674,-23.664255516792647,-46.68857909339831,sao paulo,SP
04763,-23.669004657222054,-46.71802455259966,sao paulo,SP
04773,-23.681542547319527,-46.70780575451552,sao paulo,SP
04742,-23.650419321945925,-46.69840379822837,são paulo,SP
04726,-23.63580786663679,-46.71209825910773,sao paulo,SP
04739,-23.64445281409649,-46.70007520249481,sao paulo,SP
04738,-23.64061866639731,-46.69656570788847,sao paulo,SP
04771,-23.680608736886143,-46.711410098245764,sao paulo,SP
04746,-23.660729761834695,-46.707796494235964,sao paulo,SP
04782,-23.693985995008337,-46.70188324132953,sao paulo,SP
04849,-23.740974,-46.67018849999998,são paulo,SP
04850,-23.746252526227707,-46.677001782820696,são paulo,SP
04809,-23.71992046378896,-46.693208556754605,sao paulo,SP
04820,-23.734658908426308,-46.686858402720844,sao paulo,SP
04811,-23.709650164437335,-46.69257464205786,sao paulo,SP
04917,-23.68726696641469,-46.74885508979163,sao paulo,SP
04960,-23.726413791563274,-46.787813649316185,sao paulo,SP
05051,-23.52707749624909,-46.696482,sao paulo,SP
05017,-23.537309857060443,-46.6787664476888,sao paulo,SP
05015,-23.53152002775692,-46.668207148623715,sao paulo,SP
05092,-23.511502314851022,-46.714487157425516,são paulo,SP
05008,-23.530915571469773,-46.680609415488476,são paulo,SP
05141,-23.49065997530149,-46.7284764394945,sao paulo,SP
05145,-23.506049208479613,-46.71737739541604,sao paulo,SP
05138,-23.485253731057767,-46.73312974854289,são paulo,SP
05181,-23.45543839716661,-46.743492581481746,sao paulo,SP
05128,-23.49375734722135,-46.74053054079866,sao paulo,SP
05203,-23.406404972243074,-46.74298263197527,são paulo,SP
05303,-23.526508568411355,-46.731702782676464,sao paulo,SP
05353,-23.559118658895486,-46.751659941716184,sao paulo,SP
05351,-23.55810175353457,-46.757292045242075,sao paulo,SP
05415,-23.563965740492822,-46.68179815445209,são paulo,SP
05424,-23.571257720785987,-46.696331231750236,são paulo,SP
05432,-23.551567250620376,-46.69325969149985,são paulo,SP
05595,-23.58085566165113,-46.742443261595774,sao paulo,SP
05530,-23.577073040798666,-46.7199426382077,sao paulo,SP
05767,-23.63133471752179,-46.759458892739715,sao paulo,SP
05729,-23.63329280322003,-46.73784151540766,sao paulo,SP
05797,-23.657046684430707,-46.774874483207356,sao paulo,SP
05712,-23.621218014623533,-46.730938112555634,sao paulo,SP
05727,-23.625590333054422,-46.73905080544173,sao paulo,SP
05730,-23.633964565641403,-46.74107526602805,sao paulo,SP
05789,-23.656650160424697,-46.77635938288413,sao paulo,SP
05772,-23.63772854593455,-46.75823555759132,sao paulo,SP
05886,-23.679010904807125,-46.791857448519075,sao paulo,SP
05849,-23.651114842510154,-46.75521082321932,sao paulo,SP
05890,-23.66734335045476,-46.78750322877922,são paulo,SP
05812,-23.657102948092827,-46.73313710866176,são paulo,SP
06083,-23.5432607129957,-46.7775246695713,osasco,SP
06020,-23.535385651789838,-46.76092361691542,osasco,SP
06080,-23.544421691355613,-46.78839877935824,osasco,SP
06056,-23.565986162357948,-46.785042126550934,osasco,SP
06160,-23.56267680949066,-46.809370406703835,osasco,SP
06162,-23.55775014393556,-46.808157117993964,osasco,SP
06144,-23.56949384569213,-46.803730375642104,osasco,SP
06154,-23.55920378766813,-46.80348418373821,osasco,SP
06194,-23.52517861143172,-46.80307405995724,osasco,SP
06266,-23.48960523619365,-46.79252124522469,osasco,SP
06270,-23.49708886034903,-46.771496572731024,osasco,SP
06332,-23.545282500000003,-46.828647,carapicuiba,SP
06365,-23.548007803126946,-46.848575058505595,carapicuiba,SP
06341,-23.57241932843741,-46.81653106742156,carapicuiba,SP
06449,-23.5427504782077,-46.866257683615906,barueri,SP
06429,-23.491791912543025,-46.94733309700014,barueri,SP
06540,-23.459999538735637,-46.879733658501294,santana de parnaiba,SP
06528,-23.407066246465437,-46.89669664377628,santana de parnaíba,SP
06606,-23.531476079445984,-46.90740942248553,jandira,SP
06696,-23.52675976321213,-46.94317674153119,itapevi,SP
06716,-23.60522961818243,-46.90761789965579,cotia,SP
06705,-23.59181277854835,-46.880646415247824,cotia,SP
06765,-23.623297507355577,-46.769556898983055,taboao da serra,SP
06704,-23.566410360148463,-46.92207458901101,cotia,SP
06783,-23.629611017485146,-46.78773145475794,taboao da serra,SP
06711,-23.6150603215516,-46.837480828765536,cotia,SP
06708,-23.58516238605811,-46.8418149476888,cotia,SP
06780,-23.617823004822213,-46.79358236394467,taboao da serra,SP
06793,-23.619672721933625,-46.81016057837504,taboao da serra,SP
06871,-23.72033746105922,-46.85362208015704,itapecerica da serra,SP
06823,-23.671959474609,-46.80336321397664,embu das artes,SP
06816,-23.645106,-46.83806297056964,embu das artes,SP
06853,-23.68913659838998,-46.85084778934157,itapecerica da serra,SP
07044,-23.480327545934557,-46.55338010352588,guarulhos,SP
07031,-23.496488565250488,-46.54671310832206,guarulhos,SP
07032,-23.505429268942237,-46.54869177407812,guarulhos,SP
07094,-23.45088569608748,-46.54498377407813,guarulhos,SP
07077,-23.43410150291419,-46.553472434502844,guarulhos,SP
07133,-23.44007914793122,-46.51144923980033,guarulhos,SP
07197,-23.46307610751172,-46.51553610303015,guarulhos,SP
07112,-23.465304114698753,-46.51148732089968,guarulhos,SP
07140,-23.422075962808012,-46.493184069940554,guarulhos,SP
07124,-23.42468549125742,-46.53172199125743,guarulhos,SP
07193,-23.44736411878931,-46.503318216486804,guarulhos,SP
07160,-23.411582298084145,-46.44838156702636,guarulhos,SP
07192,-23.451856155981304,-46.50616235789715,guarulhos,SP
07183,-23.445490107132557,-46.458275615875124,guarulhos,SP
07400,-23.39888374540156,-46.32526700508771,aruja,SP
07411,-23.40112949486411,-46.34138851387846,aruja,SP
07600,-23.323581622627874,-46.571516434161296,mairipora,SP
07700,-23.36233213890305,-46.740584941257666,caieiras,SP
07714,-23.349194317299006,-46.758603833385294,caieiras,SP
07790,-23.406238298215786,-46.84102497498486,cajamar,SP
07810,-23.327944593668764,-46.7649382331396,franco da rocha,SP
07990,-23.27750633679461,-46.73842567413335,francisco morato,SP
08190,-23.48870639938831,-46.395040133360254,sao paulo,SP
08180,-23.48770416180969,-46.41534043450283,sao paulo,SP
08290,-23.551013388568272,-46.44848890729416,sao paulo,SP
08225,-23.524074769667923,-46.45826882323692,sao paulo,SP
08223,-23.523367358589653,-46.46705568665242,sao paulo,SP
08280,-23.561802010820042,-46.47968149264242,sao paulo,SP
08250,-23.539824031911863,-46.434679443937874,sao paulo,SP
08340,-23.618298375246354,-46.458525026410484,sao paulo,SP
08450,-23.539390973628056,-46.405587666945564,sao paulo,SP
08421,-23.569179969298748,-46.41940490115958,sao paulo,SP
08451,-23.542061405505155,-46.39838470191586,sao paulo,SP
08485,-23.59677856702638,-46.41115888190316,sao paulo,SP
08431,-23.525436666945577,-46.413071696087485,sao paulo,SP
08577,-23.482623440635415,-46.37448952833195,itaquaquecetuba,SP
08530,-23.535776999999946,-46.37282749999997,ferraz de vasconcelos,SP
08598,-23.464295023583936,-46.32874959104104,itaquaquecetuba,SP
08510,-23.55835160395378,-46.36234960033054,ferraz de vasconcelos,SP
08583,-23.43567309991361,-46.38032799842931,itaquaquecetuba,SP
08541,-23.52145430890418,-46.374565882595654,ferraz de vasconcelos,SP
08676,-23.552826070523995,-46.306697344964796,suzano,SP
08673,-23.54646763188849,-46.317438806098934,suzano,SP
08790,-23.528610738236747,-46.16789925641224,mogi das cruzes,SP
08773,-23.517127104923187,-46.19066721624193,mogi das cruzes,SP
08710,-23.51937483109403,-46.19269037743349,mogi das cruzes,SP
08832,-23.516913648399584,-46.10417245526518,mogi das cruzes,SP
09015,-23.665703457960582,-46.51808196779969,santo andre,SP
09040,-23.730677044241954,-46.47813835714726,santo andre,SP
09111,-23.66721675288362,-46.49913206319721,santo andre,SP
09171,-23.70007597807146,-46.512702481822366,santo andre,SP
09230,-23.615718097697492,-46.53118432278263,santo andre,SP
09290,-23.64309058728148,-46.51261568180499,santo andre,SP
09210,-23.637285303364266,-46.519363822926856,santo andre,SP
09350,-23.68011442853022,-46.4524537436668,maua,SP
09371,-23.66930462115525,-46.48159847045406,maua,SP
09360,-23.678798920064235,-46.45947764149177,mauá,SP
09321,-23.64642952510253,-46.433690298084144,maua,SP
09390,-23.65852158573596,-46.45154258453908,maua,SP
09400,-23.712947685815696,-46.408553963500516,ribeirão pires,SP
09416,-23.734072610599526,-46.442410009208444,ribeirao pires,SP
09411,-23.71719840652404,-46.395777768729744,ribeirão pires,SP
09415,-23.75156370006625,-46.44223090761778,ribeirao pires,SP
09434,-23.657379641968312,-46.37402022795534,ribeirao pires,SP
09560,-23.626053031363607,-46.554888478215695,sao caetano do sul,SP
09540,-23.625773999999993,-46.56855299278663,sao caetano do sul,SP
09530,-23.617764471002317,-46.574964586733216,sao caetano do sul,SP
09572,-23.6436479625422,-46.56386065319333,sao caetano do sul,SP
09619,-23.66594814120814,-46.563264207318184,sao bernardo do campo,SP
09691,-23.66967527586777,-46.588902340056265,sao bernardo do campo,SP
09661,-23.658965580904834,-46.59704298946843,sao bernardo do campo,SP
09628,-23.66148702746846,-46.56416174311855,sao bernardo do campo,SP
09710,-23.70899726008409,-46.54812620982171,sao bernardo do campo,SP
09791,-23.745424737345683,-46.53027828796294,são bernardo do campo,SP
09780,-23.71688471949829,-46.54199108267673,sao bernardo do campo,SP
09750,-23.688917125468194,-46.552552123595405,sao bernardo do campo,SP
09751,-23.693028139881143,-46.54695362280001,sao bernardo do campo,SP
09715,-23.71457923606073,-46.54581156219319,são bernardo do campo,SP
09720,-23.71933860892157,-46.551747934358595,sao bernardo do campo,SP
09725,-23.699353075768943,-46.5600310818858,sao bernardo do campo,SP
09861,-23.695889045942334,-46.58174395098847,sao bernardo do campo,SP
09811,-23.72527983484343,-46.55702673772287,sao bernardo do campo,SP
09841,-23.74799125451551,-46.57760896225976,sao bernardo do campo,SP
09843,-23.777967000434842,-46.60196970048699,sao bernardo do campo,SP
09961,-23.716539426075457,-46.60164008391423,diadema,SP
09951,-23.690070597553255,-46.59995236023442,diadema,SP
09921,-23.681267775420476,-46.612177805125086,diadema,SP
11065,-23.9678895545329,-46.34412123980033,santos,SP
11010,-23.93465945090488,-46.331065142884974,santos,SP
11250,-23.828340100753532,-46.1430173832652,bertioga,SP
11320,-23.972425198563926,-46.371264531333615,sao vicente,SP
11420,-24.014614278217266,-46.274569798459225,guaruja,SP
11450,-23.939318620030072,-46.30539278864907,guaruja,SP
11431,-23.997778323619357,-46.2767638411045,guaruja,SP
11680,-23.43162669109582,-45.077228701223355,ubatuba,SP
11630,-23.831823046046516,-45.37368542232557,ilhabela,SP
11701,-24.011288218359883,-46.41873374429398,praia grande,SP
11750,-24.309428863541278,-46.991091315656,peruibe,SP
11704,-24.026786758814687,-46.49304889148245,praia grande,SP
11720,-24.005678375238073,-46.45598089924407,praia grande,SP
11930,-24.72923631512427,-47.8751448746274,pariquera-acu,SP
11900,-24.49203032806276,-47.83413137913321,registro,SP
11990,-25.011812317282136,-47.930451004516165,cananéia,SP
12243,-23.201781118789313,-45.895670077990644,sao jose dos campos,SP
12230,-23.221431461827063,-45.888163895493165,sao jose dos campos,SP
12246,-23.221587583126546,-45.90665169219235,sao jose dos campos,SP
12216,-23.201181199001663,-45.88358210352587,sao jose dos campos,SP
12233,-23.23724961587513,-45.88082955926476,sao jose dos campos,SP
12282,-23.105272201223368,-45.696988838882795,cacapava,SP
12328,-23.28798077892242,-45.9570349350898,jacarei,SP
12327,-23.298185959563558,-45.974828011182304,jacarei,SP
12308,-23.30139631473257,-45.96172658840667,jacarei,SP
12324,-23.31311508964741,-46.0026232857349,jacarei,SP
12312,-23.303587327226044,-45.92931482292686,jacarei,SP
12411,-22.932821929423742,-45.44848162439036,pindamonhangaba,SP
12630,-22.66402169969416,-45.00665755897629,cachoeira paulista,SP
12605,-22.75162984425566,-45.08964193252266,lorena,SP
12701,-22.577927804605018,-44.95825089647411,cruzeiro,SP
12940,-23.112774381969185,-46.5488845105504,atibaia,SP
12954,-23.098863635889415,-46.54789512763439,atibaia,SP
12948,-23.22017151832604,-46.59456789751276,atibaia,SP
12924,-23.017788365999934,-46.52244499999995,braganca paulista,SP
13070,-22.895876357204664,-47.0791850342778,campinas,SP
13045,-22.92841942957608,-47.037069003043754,campinas,SP
13091,-22.86623673772286,-47.025165619626044,campinas,SP
13087,-22.85275770752771,-47.05510214136723,campinas,SP
13015,-22.90124134639356,-47.055128451024146,campinas,SP
13058,-22.950289907294163,-47.182224818627695,campinas,SP
13044,-22.952820647882046,-47.02865383550558,campinas,SP
13030,-22.92991227115403,-47.07189552530681,campinas,SP
13043,-22.933200411915568,-47.04106490766075,campinas,SP
13013,-22.91123520843672,-47.05819755314793,campinas,SP
13076,-22.88255076242137,-47.04691965736627,campinas,SP
13083,-22.805125239800333,-47.07162026686478,campinas,SP
13186,-22.887514996879027,-47.19573904628551,hortolandia,SP
13178,-22.800362898695823,-47.21833340077328,sumare,SP
13157,-22.63269209289212,-47.20099171014733,cosmopolis,SP
13105,-22.89082402420255,-46.9816531677612,campinas,SP
13170,-22.828654864562257,-47.267296160568925,sumare,SP
13145,-22.73306060560335,-47.17829082930352,paulínia,SP
13171,-22.834157804605006,-47.27774968734491,sumare,SP
13188,-22.894244007858305,-47.23358323658409,hortolândia,SP
13183,-22.841308645261517,-47.21940877608377,hortolandia,SP
13101,-22.90081444463038,-46.99864279239999,campinas,SP
13189,-22.867252818816226,-47.23172936395768,hortolandia,SP
13283,-23.01011064782791,-46.98368633960173,vinhedo,SP
13208,-23.190172576172973,-46.891633311270105,jundiai,SP
13280,-23.035339717467753,-46.971578850395346,vinhedo,SP
13290,-23.084125277105812,-46.98121307089687,louveira,SP
13270,-22.976619071841363,-47.010715093193014,valinhos,SP
13211,-23.179889672043977,-46.928510109318665,jundiai,SP
13206,-23.211714582578274,-46.8753760355472,jundiaí,SP
13257,-22.995677703232378,-46.857106243157794,itatiba,SP
13232,-23.207064313532694,-46.760735214610754,campo limpo paulista,SP
13201,-23.192759454717024,-46.87833704570238,jundiai,SP
13278,-23.00828704369726,-47.00919837209965,valinhos,SP
13223,-23.214642313163168,-46.80396377210217,varzea paulista,SP
13250,-23.005474434298936,-46.84112811740003,itatiba,SP
13360,-23.0122137105142,-47.52203973160603,capivari,SP
13310,-23.27791979536116,-47.29777730942436,itu,SP
13380,-22.779754253242903,-47.295758177052605,nova odessa,SP
13346,-23.1144961851232,-47.22977576894223,indaiatuba,SP
13322,-23.194155763010308,-47.26601382366275,salto,SP
13327,-23.175880576172975,-47.31592004954123,salto,SP
13324,-23.205916980841412,-47.307845865802996,salto,SP
13301,-23.25803550268717,-47.294176355087124,itu,SP
13320,-23.198860047870664,-47.29334560811024,salto,SP
13311,-23.26608248211083,-47.31279244463039,itu,SP
13416,-22.715110444918835,-47.645625352213,piracicaba,SP
13450,-22.760477687572443,-47.41281121951772,santa bárbara d'oeste,SP
13419,-22.726257875353635,-47.637811389520564,piracicaba,SP
13453,-22.73579256527013,-47.410895083967475,santa barbara d'oeste,SP
13411,-22.671447720100474,-47.68291776300415,piracicaba,SP
13467,-22.78001467637804,-47.3518002860981,americana,SP
13401,-22.75658158673322,-47.6511707514571,piracicaba,SP
13481,-22.599254430886607,-47.37980963550319,limeira,SP
13418,-22.72880404359728,-47.63173831975289,piracicaba,SP
13405,-22.71683928585045,-47.65736585405934,piracicaba,SP
13457,-22.768743804807226,-47.395682479228896,santa bárbara d'oeste,SP
13456,-22.759672827833054,-47.364736674563375,santa barbara d'oeste,SP
13478,-22.737278419931872,-47.31266995989381,americana,SP
13406,-22.680732721443686,-47.70099050140135,piracicaba,SP
13432,-22.676453803284016,-47.770112916082496,piracicaba,SP
13560,-22.01139055955482,-47.886487092764376,sao carlos,SP
13505,-22.392256145058422,-47.55944968375016,rio claro,SP
13569,-22.01401696225976,-47.87496317485142,sao carlos,SP
13503,-22.404280214539906,-47.57843446971193,rio claro,SP
13568,-22.016967296150902,-47.85171546211552,sao carlos,SP
13660,-21.858555070695946,-47.48403458197557,porto ferreira,SP
13630,-22.006605899216094,-47.42763984666532,pirassununga,SP
13760,-21.472572344386293,-46.74795423526378,tapiratiba,SP
13844,-22.382941116125448,-46.94664125419024,mogi-guacu,SP
13825,-22.614295651682134,-47.06761188787577,holambra,SP
13835,-22.338620999999996,-47.176031249999994,conchal,SP
13874,-21.967626728367318,-46.787603701128894,sao joao da boa vista,SP
13846,-22.33932197651208,-46.954460413369226,mogi guaçu,SP
13940,-22.47745636162787,-46.63246689302295,aguas de lindoia,SP
13920,-22.73824150585765,-46.895858577758595,pedreira,SP
13930,-22.596440207291085,-46.71196868822353,serra negra,SP
14075,-21.152969235356927,-47.77227625506376,ribeirao preto,SP
14020,-21.210104711049134,-47.80139005429387,ribeirao preto,SP
14050,-21.17121748495008,-47.81941847157649,ribeirao preto,SP
14095,-21.188764942887175,-47.769870647308956,ribeirao preto,SP
14085,-21.168504408823374,-47.79370519233655,ribeirao preto,SP
14079,-21.15613133316094,-47.74568764755373,ribeirao preto,SP
14091,-21.1894024299152,-47.79295570344507,ribeirao preto,SP
14070,-21.116471333054424,-47.79073400291418,ribeirao preto,SP
14092,-21.174925033585303,-47.7686162776848,ribeirao preto,SP
14160,-21.13146388576363,-47.995967757463596,sertaozinho,SP
14177,-21.122705658234757,-48.0135887254543,sertaozinho,SP
14110,-21.185944576067463,-47.81498292186677,bonfim paulista,SP
14115,-21.49530743377723,-48.03684008452243,guatapará,SP
14230,-21.31363348956331,-47.563618772439675,serra azul,SP
14312,-20.916468353698388,-47.574216767527176,batatais,SP
14400,-20.53193450696372,-47.399446711253766,franca,SP
14407,-20.50234199999999,-47.4215895,franca,SP
14403,-20.54822779974972,-47.395897060007975,franca,SP
14406,-20.531151999894856,-47.43366787318517,franca,SP
14401,-20.530671079410943,-47.39851931627846,franca,SP
14580,-20.433990426300614,-47.81416224047547,guara,SP
14610,-20.43102420974765,-48.01701483913844,ipua,SP
14680,-21.026562514440098,-47.78329414537015,jardinopolis,SP
14783,-20.57622133702129,-48.57792225353819,barretos,SP
14801,-21.787360438801993,-48.19339828795659,araraquara,SP
14802,-21.760806096824155,-48.17228519205648,araraquara,SP
14808,-21.812698026371937,-48.15183966694556,araraquara,SP
14840,-21.36235769739203,-48.232975701561735,guariba,SP
14850,-21.367570681803436,-48.06270442872158,pradopolis,SP
14940,-21.7664768468313,-48.83154737836604,ibitinga,SP
14960,-21.46284342229134,-49.21918836311204,novo horizonte,SP
15025,-20.802436263463758,-49.39562406741489,sao jose do rio preto,SP
15053,-20.776666890782618,-49.36287357278835,sao jose do rio preto,SP
15014,-20.81734497064537,-49.38133679126948,sao jose do rio preto,SP
15081,-20.843801199497772,-49.368911185271784,são josé do rio preto,SP
15030,-20.79075839726487,-49.38146791931792,sao jose do rio preto,SP
15040,-20.799911489122422,-49.41898406325502,são josé do rio preto,SP
15170,-20.619786901756022,-49.64820320291271,tanabi,SP
15501,-20.433488753848312,-49.97851439170862,votuporanga,SP
15502,-20.405604560394835,-49.991952668038884,votuporanga,SP
15600,-20.28599742780295,-50.260633954189515,fernandopolis,SP
15601,-20.29811259961654,-50.25331663457617,fernandopolis,SP
15685,-20.004728455313117,-50.36990917648097,ouroeste,SP
15810,-21.162702972351784,-48.97639517069088,catanduva,SP
15950,-21.24607941923738,-48.80412605259864,santa adelia,SP
16072,-21.204108401787465,-50.45286394468003,aracatuba,SP
16057,-21.167685565641403,-50.44867684041202,araçatuba,SP
16012,-21.218321545934558,-50.400362346932894,araçatuba,SP
16200,-21.301705697260985,-50.33198634467411,birigui,SP
16301,-21.426570046543283,-50.06791761043272,penapolis,SP
17014,-22.331227499999997,-49.07597849999999,bauru,SP
17047,-22.33259929227913,-49.0443811707606,bauru,SP
17012,-22.332425763517893,-49.060789754631074,bauru,SP
17018,-22.359737431848437,-49.05231525174554,bauru,SP
17032,-22.32817929115924,-49.02886625465973,bauru,SP
17051,-22.33137826421038,-49.096775499711526,bauru,SP
17160,-22.032324794455896,-48.90920500612332,arealva,SP
17209,-22.27568678711987,-48.542599749927895,jau,SP
17208,-22.280791095202737,-48.552151330146394,jaú,SP
17250,-22.087700920983714,-48.7476570587839,bariri,SP
17210,-22.29164124459334,-48.54989181391441,jaú,SP
17300,-22.371028644611588,-48.38528974062769,dois corregos,SP
17400,-22.218988944556266,-49.64362334020589,garca,SP
17511,-22.181007751312862,-49.963543554532905,marilia,SP
17514,-22.188742247875222,-49.93422578806241,marilia,SP
17526,-22.229997861121024,-49.971617848460646,marilia,SP
17690,-21.925766053626717,-50.74077415347185,bastos,SP
17700,-21.787613665287076,-50.87213184519997,osvaldo cruz,SP
17900,-21.4988715,-51.537860999999985,dracena,SP
17980,-21.362307677836906,-51.86346633891845,panorama,SP
18035,-23.501058123111395,-47.46835501559965,sorocaba,SP
18074,-23.448281036643923,-47.48873627920402,sorocaba,SP
18090,-23.474158480273633,-47.4550642451937,sorocaba,SP
18055,-23.489741556206333,-47.509921178602326,sorocaba,SP
18025,-23.520480249006216,-47.44649732938174,sorocaba,SP
18052,-23.539013392723216,-47.491042295862435,sorocaba,SP
18048,-23.53401196947312,-47.46735238343239,sorocaba,SP
18057,-23.485249497922528,-47.50875151387845,sorocaba,SP
18021,-23.50616891395926,-47.43999487691152,sorocaba,SP
18110,-23.540699932021333,-47.45842622799934,votorantim,SP
18130,-23.53626695697963,-47.13489184347044,sao roque,SP
18136,-23.560963304272438,-47.14802654049926,sao roque,SP
18115,-23.556416991690117,-47.4445312013676,votorantim,SP
18112,-23.527046264130796,-47.43206506260343,votorantim,SP
18132,-23.521078528228543,-47.138172429386366,sao roque,SP
18500,-23.035824733186516,-47.836302659482904,laranjal paulista,SP
18685,-22.58508820351035,-48.810975219664904,lencois paulista,SP
18720,-23.385586077409,-48.71884722663808,paranapanema,SP
18701,-23.105366606727763,-48.91147056680601,avare,SP
19023,-22.11545190136955,-51.39640853541775,presidente prudente,SP
19050,-22.13375624761404,-51.402435088564296,presidente prudente,SP
19020,-22.13651597360134,-51.396204302534905,presidente prudente,SP
19063,-22.131826190859826,-51.450761316949546,presidente prudente,SP
19800,-22.667913335276126,-50.41920174522468,assis,SP
19814,-22.64961538190318,-50.406862966414685,assis,SP
19880,-22.752691244854066,-50.38967035867833,cândido mota,SP
19840,-22.612730029018138,-50.665364123190066,maracai,SP
19820,-22.751694253550635,-50.573949781499195,taruma,SP
19803,-22.679653253935193,-50.44287891853987,assis,SP
19906,-22.989455730881055,-49.87509247068391,ourinhos,SP
20021,-22.90970975575626,-43.17132226977895,rio de janeiro,RJ
20040,-22.906800000000004,-43.176623145421054,rio de janeiro,RJ
20230,-22.908714883432378,-43.193807831813686,rio de janeiro,RJ
20270,-22.920104850395337,-43.22138202997862,rio de janeiro,RJ
20261,-22.925732829755905,-43.22234726520112,rio de janeiro,RJ
20251,-22.923409610046747,-43.20650332223439,rio de janeiro,RJ
20521,-22.92505850706913,-43.230232813203365,rio de janeiro,RJ
20560,-22.918809812943554,-43.26535370468581,rio de janeiro,RJ
20550,-22.923980497085807,-43.22589028129148,rio de janeiro,RJ
20510,-22.932641211206686,-43.23915878100303,rio de janeiro,RJ
20520,-22.92931946221692,-43.23596118471042,rio de janeiro,RJ
20540,-22.92173310574757,-43.25868934445138,rio de janeiro,RJ
20720,-22.907125456287147,-43.29187014002536,rio de janeiro,RJ
20785,-22.887998108806,-43.27113442743371,rio de janeiro,RJ
20751,-22.886944522072778,-43.30459252553521,rio de janeiro,RJ
20725,-22.904585350539566,-43.27965950805009,rio de janeiro,RJ
20940,-22.898688716890845,-43.21711791782575,rio de janeiro,RJ
21021,-22.84545803220033,-43.26412144878531,rio de janeiro,RJ
21044,-22.855739132704457,-43.24139402405136,rio de janeiro,RJ
21210,-22.842290284753936,-43.297620711754945,rio de janeiro,RJ
21360,-22.867576228980287,-43.3308889694731,rio de janeiro,RJ
21351,-22.868008239252074,-43.344589396185654,rio de janeiro,RJ
21381,-22.878476937821056,-43.31517005147447,rio de janeiro,RJ
21635,-22.829193849010363,-43.408286706907525,rio de janeiro,RJ
21660,-22.842986588696125,-43.37442676618174,rio de janeiro,RJ
21750,-22.871499338334544,-43.41181417262971,rio de janeiro,RJ
21770,-22.887010089099146,-43.437039538432735,rio de janeiro,RJ
21740,-22.8864640049889,-43.37710932987132,rio de janeiro,RJ
21840,-22.874598503462455,-43.477731000000006,rio de janeiro,RJ
21825,-22.89211739578164,-43.47562901249349,rio de janeiro,RJ
21930,-22.819789537579453,-43.177251135490046,rio de janeiro,RJ
21920,-22.79448670552253,-43.19901880099832,rio de janeiro,RJ
22081,-22.9860379483813,-43.19247513503371,rio de janeiro,RJ
22040,-22.96700369193254,-43.18314576657629,rio de janeiro,RJ
22030,-22.968219049397007,-43.18823673772285,rio de janeiro,RJ
22010,-22.962079980841413,-43.1679761924808,rio de janeiro,RJ
22060,-22.973939675543914,-43.190175781579946,rio de janeiro,RJ
22011,-22.962511351924544,-43.17640771510184,rio de janeiro,RJ
22240,-22.93125598447676,-43.17881321481337,rio de janeiro,RJ
22291,-22.81859544240868,-43.27322500582838,rio de janeiro,RJ
22260,-22.949140243955277,-43.1890677882164,rio de janeiro,RJ
22440,-22.987106811270106,-43.22749700083673,rio de janeiro,RJ
22441,-22.983576810433398,-43.22072313001338,rio de janeiro,RJ
22470,-22.96555273382772,-43.216278332650404,rio de janeiro,RJ
22630,-23.010698995411467,-43.33245982226944,rio de janeiro,RJ
22793,-23.009270961423038,-43.42940927644404,rio de janeiro,RJ
22775,-22.972956517889177,-43.39706327699233,rio de janeiro,RJ
22790,-23.011334694990957,-43.450256415344235,rio de janeiro,RJ
22783,-22.99280667740874,-43.44828652055829,rio de janeiro,RJ
22735,-22.92013400805008,-43.36031889592586,rio de janeiro,RJ
22753,-22.97938068457905,-43.332765125437604,rio de janeiro,RJ
22760,-22.944914213716842,-43.34638345749923,rio de janeiro,RJ
22710,-22.933084232038713,-43.36663107132555,rio de janeiro,RJ
22743,-22.933479697760923,-43.350149913122536,rio de janeiro,RJ
23066,-22.883500722206897,-43.62784933672958,rio de janeiro,RJ
23017,-22.915539999999964,-43.54233999999997,rio de janeiro,RJ
23081,-22.894140573403014,-43.56270255675458,rio de janeiro,RJ
23093,-22.879871632812012,-43.53785563113858,rio de janeiro,RJ
23520,-22.932964791563265,-43.673679256592976,rio de janeiro,RJ
23894,-22.746307968387804,-43.69473581382141,seropedica,RJ
24020,-22.89428279372572,-43.120737032394075,niteroi,RJ
24027,-21.2189719026067,-41.87752350568823,niteroi,RJ
24120,-22.88248286955392,-43.088660754775304,niteroi,RJ
24230,-22.911270381614713,-43.10515133611283,niterói,RJ
24210,-22.901359568959617,-43.1241522171793,niteroi,RJ
24241,-22.903471560101476,-43.09538136456224,niteroi,RJ
24360,-22.920808619443406,-43.09368761944342,niteroi,RJ
24315,-22.892972503771126,-43.054212114815925,niteroi,RJ
24440,-22.827327017259556,-43.05044041062229,sao goncalo,RJ
24451,-22.827869999999994,-43.01969625000001,sao goncalo,RJ
24430,-22.82606973346271,-43.09243488435598,sao goncalo,RJ
24716,-22.79451691790931,-43.00826969494774,são gonçalo,RJ
24737,-22.830628775114185,-42.981006692644335,sao goncalo,RJ
24727,-22.788731205902764,-42.943115809557774,sao goncalo,RJ
25070,-22.785812893927694,-43.30804347053546,duque de caxias,RJ
25561,-22.77658387384398,-43.354144984238886,sao joao de meriti,RJ
25545,-22.781746615709963,-43.386535944348644,sao joao de meriti,RJ
25550,-22.768581305684975,-43.38321290201161,sao joao de meriti,RJ
25655,-22.52760750799953,-43.195055075889336,petrópolis,RJ
25620,-22.511952463273953,-43.1777121666574,petropolis,RJ
25645,-22.549033360244323,-43.210094724044055,petrópolis,RJ
25730,-22.389386316926604,-43.131794488742194,petropolis,RJ
25935,-22.610756596789887,-43.159740829359556,mage,RJ
25963,-22.416149820084954,-42.97702251227752,teresopolis,RJ
26255,-22.761992463604912,-43.45087260605272,nova iguacu,RJ
26266,-22.76048156962122,-43.496273239104795,nova iguacu,RJ
26216,-22.739764499999996,-43.49706074999999,nova iguacu,RJ
26221,-22.763825251207155,-43.436790830412576,nova iguacu,RJ
26310,-22.71897183001308,-43.56245863918872,queimados,RJ
26379,-22.75207045168108,-43.57632171567059,queimados,RJ
26510,-22.815880447852667,-43.41899267551425,nilópolis,RJ
26587,-22.80570702410461,-43.43308475188033,mesquita,RJ
27175,-22.609469999999945,-43.91234449999996,pirai,RJ
27281,-22.499360434358596,-44.10694753358529,volta redonda,RJ
27277,-22.498182754371285,-44.12361371579433,volta redonda,RJ
27288,-22.46640407937563,-44.09632304440533,volta redonda,RJ
27345,-22.54303759117662,-44.17532044976627,barra mansa,RJ
27525,-22.478050718016014,-44.50608144601535,resende,RJ
27700,-22.418541912748985,-43.67993483814997,vassouras,RJ
27920,-22.409683946328137,-41.80872105441502,macaé,RJ
28035,-21.753758653386228,-41.33389901937112,campos dos goytacazes,RJ
28020,-21.78080222519011,-41.30502259827724,campos dos goytacazes,RJ
28040,-21.926303520999966,-41.526771260999965,campos dos goytacazes,RJ
28148,-22.98536776591707,-44.30302379845107,tocos,RJ
28230,-21.4795193189133,-41.10923999356295,sao francisco de itabapoana,RJ
28300,-21.20851525964521,-41.87484723167247,itaperuna,RJ
28540,-22.02458009174551,-42.362842441067876,cordeiro,RJ
28640,-21.931793494070657,-42.609355451439974,carmo,RJ
28615,-22.31000521194919,-42.52023373510779,nova friburgo,RJ
28735,-22.105186951798135,-41.45979324090135,quissama,RJ
28770,-21.95976220264771,-42.01238047476166,santa maria madalena,RJ
28800,-22.7072351350913,-42.62882877464098,rio bonito,RJ
28893,-22.493219717159718,-41.91021028549174,rio das ostras,RJ
28880,-22.576493693936694,-41.98699034043617,barra de sao joao,RJ
28908,-22.918600080765664,-42.03848119319952,cabo frio,RJ
28909,-22.899295443931194,-42.04634624285419,cabo frio,RJ
28907,-22.87819893069184,-42.0153349507779,cabo frio,RJ
29055,-20.296512281724183,-40.29620870064644,vitoria,ES
29167,-20.1808755,-40.26153600000001,serra,ES
29101,-20.331612635508694,-40.27958609200332,vila velha,ES
29102,-20.37616120906966,-40.30529402401848,vila velha,ES
29156,-20.297536576315473,-40.400868537312284,cariacica,ES
29141,-20.35462393914272,-40.36810938316989,cariacica,ES
29161,-20.234324999999945,-40.27391449999996,serra,ES
29104,-20.38385571872436,-40.322682629277,vila velha,ES
29150,-20.3241488189149,-40.37596652382395,cariacica,ES
29142,-20.360647716191004,-40.36954639525296,cariacica,ES
29295,-20.522855653629467,-40.98712856025383,vargem alta,ES
29395,-20.23522317591383,-41.510972911180374,ibatiba,ES
29314,-20.832592499999993,-41.18073075000001,cachoeiro de itapemirim,ES
29450,-21.15709213056911,-41.56442773822537,apiaca,ES
29500,-20.75885563513341,-41.53546035543065,alegre,ES
29600,-20.072234826974274,-41.13260705353448,afonso claudio,ES
30180,-19.926141851520523,-43.93684827200066,belo horizonte,MG
30190,-19.921126734952896,-43.94119674937962,belo horizonte,MG
30220,-19.942447820416714,-43.91448426755726,belo horizonte,MG
30295,-19.91222323130401,-43.87804546638037,belo horizonte,MG
30380,-19.950113421576656,-43.95583838718328,belo horizonte,MG
30315,-19.95455748237063,-43.93409969455826,belo horizonte,MG
30441,-19.935201059120523,-43.9567957307693,belo horizonte,MG
30580,-19.95806146849216,-43.98571701122408,belo horizonte,MG
30710,-19.913521316405998,-43.95735564265109,belo horizonte,MG
30865,-19.918383328611025,-44.02052053981771,belo horizonte,MG
30840,-19.891079580904844,-43.99423022788376,belo horizonte,MG
30882,-19.885567704137554,-44.008161967799666,belo horizonte,MG
31050,-19.900238441628133,-43.903489639426446,belo horizonte,MG
31140,-19.892338512349244,-43.9326199797449,belo horizonte,MG
31170,-19.881438098245752,-43.91679121149515,belo horizonte,MG
31130,-19.885618959201338,-43.93859494364943,belo horizonte,MG
31150,-19.87553457706714,-43.94176194140331,belo horizonte,MG
31160,-19.8824409955566,-43.92902237968148,belo horizonte,MG
31275,-19.8566927082925,-43.9760083297362,belo horizonte,MG
31255,-19.878513898894187,-43.95694702879617,belo horizonte,MG
31330,-19.87964344047544,-44.003708868313176,belo horizonte,MG
31365,-19.855643489872442,-44.010183594494826,belo horizonte,MG
31530,-19.82037054203942,-43.98181463543774,belo horizonte,MG
31578,-19.80791248819901,-44.000379712735885,belo horizonte,MG
31748,-19.79768909694483,-43.93419895512006,belo horizonte,MG
31710,-19.843708202868147,-43.95899630890419,belo horizonte,MG
31814,-19.86128531082074,-43.92610114361865,belo horizonte,MG
31842,-19.840168078827364,-43.92329932223438,belo horizonte,MG
31910,-19.865544862340563,-43.920528432425364,belo horizonte,MG
32010,-19.940393531428466,-44.06063257014001,contagem,MG
32110,-19.885757096253922,-44.01809003760589,contagem,MG
32185,-19.849882697848685,-44.02029046658248,contagem,MG
32310,-19.944519773919623,-44.03388528779314,contagem,MG
32677,-19.941877521944868,-44.11327370697121,betim,MG
32604,-19.95866259017359,-44.19878943272789,betim,MG
33080,-19.820014513528548,-43.83030225884891,santa luzia,MG
33400,-19.5921849600698,-43.90098205233704,lagoa santa,MG
33913,-19.779029422913744,-44.0229254812176,ribeirao das neves,MG
34001,-19.989306206863183,-43.85077859693365,nova lima,MG
35057,-18.84144909699821,-41.96259175851705,governador valadares,MG
35300,-19.79022694508355,-42.14210229958086,caratinga,MG
35400,-20.38523748903572,-43.50551302553521,ouro preto,MG
35500,-20.146615317146374,-44.892591683425806,divinopolis,MG
35570,-20.474084262411907,-45.424321458052006,formiga,MG
35530,-20.437733622502854,-44.75914024487753,claudio,MG
35680,-20.082126604231757,-44.5732983518722,itauna,MG
35603,-19.948863062600466,-45.170397016630595,araujos,MG
35920,-19.770824131113795,-43.02637346071022,nova era,MG
36010,-21.76282506633389,-43.34295644532287,juiz de fora,MG
36016,-21.772205528997674,-43.35345796280802,juiz de fora,MG
36050,-21.729309223700177,-43.34147826034389,juiz de fora,MG
36033,-21.785166523457747,-43.360415544405335,juiz de fora,MG
36157,-21.509210218328228,-43.32506142162322,piau,MG
36205,-21.216647501342187,-43.75240420003465,barbacena,MG
36570,-20.721937677884224,-42.86601159708953,vicosa,MG
36884,-21.128427785734882,-42.37999506994058,muriae,MG
36930,-19.995880691249347,-42.05967924071428,simonesia,MG
37165,-21.112446198213934,-45.83234349689595,campo do meio,MG
37175,-20.944705621834668,-45.82709818233235,ilicinea,MG
37200,-21.24898018734491,-44.99817928074323,lavras,MG
37470,-22.131235113195316,-45.056949145523085,são lourenço,MG
37410,-21.692167942210077,-45.25804903964345,tres coracoes,MG
37443,-21.956309999999995,-44.882378788136165,baependi,MG
37502,-22.43106190186255,-45.455596859915836,itajuba,MG
37504,-22.42451926871875,-45.468141657836526,itajuba,MG
37580,-22.42880507067007,-46.569550269431765,monte siao,MG
37540,-22.243203015748463,-45.71330344759827,santa rita do sapucai,MG
37558,-22.26188292523682,-45.932666016606916,pouso alegre,MG
37570,-22.284424958581674,-46.37397062423884,ouro fino,MG
37564,-22.264093569966427,-46.15856420525942,borda da mata,MG
37584,-22.159375877706918,-46.04402732344177,congonhal,MG
37600,-22.61840566392406,-46.05692385089537,cambui,MG
37655,-22.772937340302025,-46.22335095804688,itapeva,MG
37660,-22.551107403951942,-45.77715379701644,paraisopolis,MG
37701,-21.791043351950446,-46.56244368105504,pocos de caldas,MG
37750,-21.680839261430666,-45.923257870065996,machado,MG
38082,-19.74407500582838,-47.90288184540368,uberaba,MG
38041,-19.7824995,-47.92378050000001,uberaba,MG
38182,-19.612724470940563,-46.92442159204857,araxa,MG
38280,-19.72379754927861,-50.184726351698124,iturama,MG
38230,-20.281069226229636,-49.20926164154711,fronteira,MG
38401,-18.882476025535222,-48.2792850313636,uberlandia,MG
38440,-18.65223568071188,-48.19343213192182,araguari,MG
38408,-18.925348871775622,-48.24236513543774,uberlandia,MG
38480,-18.593283298780594,-48.706135928993646,tupaciguara,MG
38442,-18.643784093954583,-48.20804381879092,araguari,MG
38570,-17.767613654159536,-47.09538818396859,guarda-mor,MG
38600,-17.211337793818256,-46.886436092783214,paracatu,MG
38700,-18.60497691187199,-46.52154885505743,patos de minas,MG
38900,-20.0077335,-45.978754499999994,bambui,MG
39100,-18.233984177733397,-43.59364621093363,diamantina,MG
39270,-17.34199668040074,-44.94194241063118,pirapora,MG
39390,-17.126574817685405,-43.81059822795839,bocaiuva,MG
39690,-17.84600196564932,-42.074535098920734,malacacheta,MG
39740,-18.784967749437957,-42.944086961896645,guanhaes,MG
39802,-17.877614947753674,-41.50059971564279,teofilo otoni,MG
40323,-12.960072125454408,-38.49810826519133,salvador,BA
41181,-12.948973826771525,-38.44396744212603,salvador,BA
41213,-12.929672913250002,-38.44511436823591,salvador,BA
41510,-12.913388098534215,-38.3535914984708,salvador,BA
41680,-12.951849983601575,-38.40262950983905,salvador,BA
41612,-12.946099557591308,-38.37794265375959,salvador,BA
41720,-12.973746698857436,-38.43905887177561,salvador,BA
41830,-13.00486273633788,-38.46539390896759,salvador,BA
41820,-12.98158709241737,-38.45526521634257,salvador,BA
42600,-12.738051063597293,-38.60252746856557,madre de deus,BA
42738,-12.895112589380958,-38.33895999999978,lauro de freitas,BA
42850,-12.612785254478522,-38.30880282506203,dias d'avila,BA
44082,-12.263456068378396,-38.9293114047869,feira de santana,BA
44200,-12.548774551976832,-38.712588249553484,santo amaro,BA
44380,-12.655868277332464,-39.10044839031422,cruz das almas,BA
45028,-14.859266906639835,-40.817382610599694,vitoria da conquista,BA
45026,-14.889352500000001,-40.84248825000001,vitoria da conquista,BA
45710,-15.119168211880428,-40.067230597501826,itororo,BA
45836,-17.03045192465799,-39.54123165657179,itamaraju,BA
45930,-18.074979210308037,-39.54390851092875,mucuri,BA
46430,-14.224788977578138,-42.77686614606025,guanambi,BA
47850,-12.08678562555841,-45.79992414323213,luis eduardo magalhaes,BA
47950,-12.234753551058443,-44.41808211184115,cristopolis,BA
48080,-12.131446680472528,-38.43135914903751,alagoinhas,BA
48110,-12.35400013354152,-38.380318336228605,catu,BA
48410,-10.594433179978497,-38.38074697963245,cicero dantas,BA
48602,-9.40277511689584,-38.21976438394056,paulo afonso,BA
48790,-10.960619571867698,-38.78738239695715,tucano,BA
49030,-10.970164794304576,-37.061643830745815,aracaju,SE
49050,-10.927157352800547,-37.063078689600516,aracaju,SE
49490,-10.716191206668059,-38.16969037202442,poco verde,SE
50771,-8.089194059120523,-34.92564794532288,recife,PE
50810,-8.032302911189309,-34.954410332217705,recife,PE
51020,-8.109659996393315,-34.89334721273588,recife,PE
51021,-8.124466128224375,-34.896920107276785,recife,PE
51250,-8.138173275583135,-34.9322264583223,recife,PE
53110,-8.028732446852084,-34.86715478143571,olinda,PE
53437,-7.930176473795966,-34.826440694351234,paulista,PE
54080,-8.110529968636387,-35.01942476643208,jaboatao dos guararapes,PE
54705,-8.003074097409037,-35.020456108661755,sao lourenco da mata,PE
55036,-8.276826510675813,-36.000013583819026,caruaru,PE
55170,-8.151652952943909,-36.36954681604157,brejo da madre de deus,PE
55296,-8.892888006125926,-36.48858119678388,garanhuns,PE
55385,-8.658607499999995,-36.318078,lajedo,PE
55540,-8.677580187145876,-35.58735900260141,palmares,PE
55644,-8.208423317991008,-35.56779396710883,gravata,PE
55814,-7.845083036047171,-35.25775907209436,carpina,PE
56250,-7.756134708582977,-40.2708052522259,trindade,PE
56304,-9.39083242853022,-40.50556809146507,petrolina,PE
56460,-8.97445277384061,-38.21986668988561,petrolandia,PE
57017,-9.640899000000005,-35.74474649999999,maceio,AL
58038,-7.101960317242725,-34.84236014348782,joão pessoa,PB
58078,-7.180554059120531,-34.88242913849615,joao pessoa,PB
58880,-6.3798659151622745,-37.82503164805101,brejo dos santos,PB
59069,-5.8450761509896445,-35.2423493336027,natal,RN
59077,-5.84026560421836,-35.20826026672055,natal,RN
59151,-5.882257292719153,-35.2040340366164,parnamirim,RN
59200,-6.231369044510069,-36.0208031553571,santa cruz,RN
60175,-3.7234404281565685,-38.47693909661432,fortaleza,CE
60320,-3.727902784537524,-38.560445470261314,fortaleza,CE
60335,-3.713471095804672,-38.55807566583006,fortaleza,CE
60763,-3.8169543789999807,-38.592254999999966,fortaleza,CE
61932,-3.8541886300200434,-38.58477618380895,maracanau,CE
62030,-3.6682292357181163,-40.37281407181986,sobral,CE
62380,-4.166813756806272,-40.75206516990775,guaraciaba do norte,CE
62400,-2.906605966187089,-40.84265447432061,camocim,CE
62700,-4.35771145747809,-39.31491288210802,caninde,CE
63011,-7.198938075795342,-39.31943129384031,juazeiro do norte,CE
63125,-7.236980312203903,-39.39516068035979,crato,CE
63515,-6.252816380707373,-39.19933766893757,quixelô,CE
63765,-4.942095128939913,-40.53839853792978,sucesso,CE
64260,-4.266378331490602,-41.77837489461923,piripiri,PI
65072,-2.5460792339719513,-44.3089863702464,são luís,MA
65066,-2.5070346576439486,-44.21214992867017,sao luis,MA
65067,-2.4863595238302167,-44.2333616871893,sao luis,MA
65043,-2.5643920988495608,-44.26473253641824,sao luis,MA
65510,-3.632300980197133,-43.113998235147854,mata roma,MA
65740,-4.751404235220042,-44.93839063876921,pocao de pedras,MA
65790,-5.573837987577579,-44.38433463702893,sao domingos do maranhao,MA
65950,-5.508554017485669,-45.23964287233554,barra do corda,MA
66040,-1.455169760979064,-48.481834892319185,belem,PA
66080,-1.4219309958450534,-48.466488682353244,belem,PA
66914,-1.353804369698152,-48.436815200530866,belem,PA
68138,-3.8680705441363905,-54.215231563619774,placas,PA
68750,-0.7380879143105327,-47.856961271833555,curuca,PA
69037,-3.0759726414735384,-60.0860595364418,manaus,AM
69018,-2.9733894929421356,-60.00682927953094,manaus,AM
69303,2.8032987716650717,-60.67586684273407,boa vista,RR
69908,-10.013767311448733,-67.78332046811606,rio branco,AC
70340,-15.798091761179561,-47.8935500981107,brasilia,DF
70361,-15.818442715961801,-47.91715259227622,brasilia,DF
70673,-15.806524500000004,-47.93582925,brasilia,DF
70680,-15.78404999999995,-47.91689999999997,brasília,DF
70740,-15.769799999999993,-47.89016774999999,brasilia,DF
70767,-15.746057999999998,-47.894445,brasilia,DF
70737,-15.773458610046747,-47.88547446779968,brasilia,DF
70856,-15.761172953338969,-47.878636368437625,brasilia,DF
71015,-15.825499262113878,-47.988239015414955,brasília,DF
71200,-15.805754999999998,-47.96828099999999,brasilia,DF
71691,-15.906466093180695,-47.77423989072256,brasilia,DF
71937,-15.838387228836043,-48.011479281265224,brasilia,DF
72016,-15.837492023626664,-48.06334858565047,brasilia,DF
72145,-15.808625940558905,-48.09307854487662,brasilia,DF
72135,-15.812449473573292,-48.07349588375061,brasilia,DF
72220,-15.838528302842303,-48.110470859171926,ceilandia,DF
72450,-16.008511777961637,-48.05001692124417,brasilia,DF
72460,-16.02294658397918,-48.05071815778448,brasilia,DF
72801,-16.256510999999996,-47.96285546547072,luziania,GO
72862,-16.103506759492763,-48.08927105622765,novo gama,GO
73080,-15.628575585570687,-47.82818183221465,brasilia,DF
73105,-15.654091048625503,-47.86089188525851,brasilia,DF
73360,-15.62299518535027,-47.65010744842545,brasilia,DF
73780,-14.980008322372788,-47.77846316061065,agua fria de goias,GO
73752,-15.454584999999952,-47.60120021499995,planaltina,GO
73900,-14.078271318010032,-46.35957202767279,posse,GO
74160,-16.696446874943895,-49.26452440440847,goiania,GO
74366,-16.715153857534975,-49.32516023026103,goiania,GO
74343,-16.73600057496822,-49.302574082711196,goiania,GO
74355,-16.774395987487942,-49.356255349017985,goiania,GO
74323,-16.69955774566663,-49.31646534449651,goiânia,GO
74477,-16.589197378883632,-49.37550517746181,goiania,GO
74550,-16.64535074864296,-49.290287092233314,goiania,GO
74645,-16.671296999999946,-49.237248499999964,goiania,GO
74620,-16.66460157672196,-49.22295154031332,goiânia,GO
74930,-16.77015400112626,-49.34004189470734,aparecida de goiania,GO
74905,-16.743197999999946,-49.260373999999956,aparecida de goiania,GO
75106,-16.35896592547895,-48.943780413088355,anapolis,GO
75400,-16.33868934903781,-49.514753603848774,inhumas,GO
75690,-17.73809306838113,-48.61592058436871,caldas novas,GO
75640,-17.303533209194768,-49.02125605030914,piracanjuba,GO
75805,-17.876500006057867,-51.71943343997603,jatai,GO
76600,-15.941419739351268,-50.14285866371175,goias,GO
76812,-8.782796007707294,-63.845103578708766,porto velho,RO
76908,-10.882510303598327,-61.92569214064854,ji-parana,RO
76980,-12.746557845117692,-60.145102048037096,vilhena,RO
77360,-12.617158795204773,-47.879138773102355,parana,TO
77500,-10.718468400245483,-48.40892080773838,porto nacional,TO
78043,-15.584669512986082,-56.10089206079052,cuiaba,MT
78552,-11.829317247041294,-55.49644289081176,sinop,MT
78652,-10.645695310957183,-51.5682033250314,confresa,MT
78716,-16.438354742714523,-54.6439153411045,rondonopolis,MT
78705,-16.459042904113158,-54.656015716617055,rondonopolis,MT
78830,-15.812079109113663,-54.922725734434536,dom aquino,MT
79070,-20.513026655837066,-54.61051356425641,campo grande,MS
79096,-20.51785256943139,-54.684589066558,campo grande,MS
79400,-18.498574618152826,-54.751548779899416,coxim,MS
79540,-19.11358227631166,-51.735721236674244,cassilandia,MS
80050,-25.439106561486458,-49.23689875714125,curitiba,PR
80045,-25.42552957617298,-49.254479518177625,curitiba,PR
80240,-25.453155877315545,-49.2850395992267,curitiba,PR
80230,-25.44041155231119,-49.27281542157665,curitiba,PR
80250,-25.4389681470945,-49.27448441188181,curitiba,PR
80220,-25.45005712155927,-49.2606739118818,curitiba,PR
80310,-25.464029318048183,-49.30472794690424,curitiba,PR
80330,-25.472734941716194,-49.30563836747645,curitiba,PR
80430,-25.43328294393789,-49.28042347446478,curitiba,PR
80420,-25.434899979456432,-49.28320625116862,curitiba,PR
80510,-25.416444206215022,-49.28185035596391,curitiba,PR
80620,-25.45385542382702,-49.286168717179294,curitiba,PR
80610,-25.469213992786642,-49.293935146950275,curitiba,PR
80740,-25.44145496502972,-49.31273063488947,curitiba,PR
81260,-25.474502573234364,-49.35249257828181,curitiba,PR
81315,-25.510172573691484,-49.32300242824175,curitiba,PR
81350,-25.508669747227305,-49.33026677895873,curitiba,PR
81490,-25.58719360032323,-49.32331092576026,curitiba,PR
81450,-25.498147452680467,-49.34864249999998,curitiba,PR
81610,-25.47823502865101,-49.2487200844524,curitiba,PR
81770,-25.534752380518196,-49.236641559813016,curitiba,PR
81710,-25.498565422917398,-49.2677192917704,curitiba,PR
81810,-25.50714419618402,-49.27207460483913,curitiba,PR
81825,-25.526084940879464,-49.27440966694559,curitiba,PR
81880,-25.539430693865768,-49.2886326382077,curitiba,PR
81930,-25.56660371995524,-49.28299262236466,curitiba,PR
82300,-25.413908553147913,-49.34702339687815,curitiba,PR
82320,-25.404441716968375,-49.34025084016421,curitiba,PR
82820,-25.424755962259752,-49.2010723395753,curitiba,PR
82800,-25.438803034970277,-49.22994083568014,curitiba,PR
83010,-25.533552342489493,-49.18726902068778,sao jose dos pinhais,PR
83070,-25.516321166801344,-49.12281815098963,sao jose dos pinhais,PR
83209,-25.547635663426608,-48.52779305562683,paranagua,PR
83324,-25.428798209273445,-49.190059930030785,pinhais,PR
83331,-25.44690031975288,-49.160968742714516,pinhais,PR
83323,-25.440714449910498,-49.188443906024766,pinhais,PR
83321,-25.44450819623171,-49.17725474672523,pinhais,PR
83370,-25.43428873156633,-48.71656095355144,antonina,PR
83408,-25.371298736141743,-49.18823376385825,colombo,PR
83402,-25.34347077721826,-49.227809047574894,colombo,PR
83605,-25.446647385196982,-49.55563586004068,campo largo,PR
83860,-26.099510422193237,-49.43039517089023,pien,PR
84015,-25.074043009435062,-50.15132717124473,ponta grossa,PR
84172,-24.794234999999993,-49.99697099999999,castro,PR
84196,-23.702852723394393,-46.401558774842776,colonia castrolanda,PR
84350,-24.21479006332944,-50.93493112717941,ortigueira,PR
84345,-24.247862548261367,-50.24561447987722,ventania,PR
85045,-25.35863541191045,-51.484398882134315,guarapuava,PR
85340,-25.49325683267302,-52.52537824900953,rio bonito do iguacu,PR
85807,-24.9409988170985,-53.4931867821282,cascavel,PR
85818,-24.968679056610362,-53.42122688063376,cascavel,PR
85819,-24.98699978821639,-53.450685208725176,cascavel,PR
85812,-24.950870359714834,-53.45032742855887,cascavel,PR
85801,-24.961400882504734,-53.45816618100577,cascavel,PR
85863,-25.52742965797669,-54.57570382833004,foz do iguacu,PR
85875,-25.43158405315624,-54.402330873588255,santa terezinha de itaipu,PR
85802,-24.966371460470743,-53.46488320191585,cascavel,PR
85950,-24.2874063973452,-53.838833366660324,palotina,PR
85903,-24.718585367675892,-53.76181706327768,toledo,PR
85901,-24.73858251608397,-53.73620901608396,toledo,PR
86037,-23.316208922273155,-51.11121320098855,londrina,PR
86060,-23.309902583386343,-51.172848272548926,londrina,PR
86081,-23.263893735839538,-51.18150870269487,londrina,PR
86084,-23.25795336554321,-51.15321467790985,londrina,PR
86030,-23.294709000000005,-51.114588749999996,londrina,PR
86360,-23.123801224965778,-50.37285801357385,bandeirantes,PR
86600,-23.31259824896755,-51.36894941889966,rolandia,PR
86706,-23.420739085916825,-51.41460369847018,arapongas,PR
86702,-23.387311444268136,-51.44520034138108,arapongas,PR
86800,-23.552512530494816,-51.46349357996916,apucarana,PR
86960,-24.028108018467677,-52.00953010663331,barbosa ferraz,PR
87025,-23.377396999935016,-51.93100618003307,maringa,PR
87020,-23.408701903566726,-51.94097450684423,maringa,PR
87083,-23.38219409935399,-51.955297806917144,maringa,PR
87030,-23.41848622413047,-51.92625934548862,maringa,PR
87050,-23.437975269077903,-51.91385959802448,maringa,PR
87005,-23.435118221374,-51.92885489694695,maringa,PR
87040,-23.41382198370398,-51.90777440824636,maringa,PR
87065,-23.396179945356447,-51.925220060790366,maringá,PR
87035,-23.386583094415073,-51.905343129948655,maringa,PR
87114,-23.431481257369107,-51.85490851643521,sarandi,PR
87185,-23.313596694739694,-52.30406621904029,florai,PR
87303,-24.03529260389033,-52.37957021179355,campo mourao,PR
87502,-23.757178599774967,-53.29107393545511,umuarama,PR
87900,-22.931426544866625,-53.13375928731349,loanda,PR
88036,-27.590329257833734,-48.52015089439666,florianopolis,SC
88015,-27.591860314472758,-48.54902548765073,florianópolis,SC
88058,-27.44750424718865,-48.39733340340489,florianopolis,SC
88063,-27.68775442656832,-48.48827427364544,florianópolis,SC
88054,-27.42864592363426,-48.45905918284473,florianopolis,SC
88085,-27.60731306466045,-48.59058002775691,florianopolis,SC
88050,-27.541774322739933,-48.524876521904254,florianopolis,SC
88113,-27.562633674958704,-48.63782800645296,sao jose,SC
88110,-27.576619500608018,-48.616937081927524,sao jose,SC
88132,-27.64301988374891,-48.6725565749633,palhoca,SC
88115,-27.543786658615705,-48.62567962615467,sao jose,SC
88160,-27.49432999699404,-48.66242401404204,biguacu,SC
88215,-27.14294161449014,-48.50728684609616,bombinhas,SC
88200,-27.24191068154528,-48.617434258999964,tijucas,SC
88301,-26.91626999999994,-48.65245999999996,itajaí,SC
88350,-27.12100682014913,-48.94116396455869,brusque,SC
88330,-26.999696999999948,-48.63513949999995,balneario camboriu,SC
88303,-26.912428672061186,-48.677381066657304,itajai,SC
88370,-26.88690680838387,-48.662146836418984,navegantes,SC
88316,-26.945307771950436,-48.71846720655428,itajai,SC
88359,-27.14105704919435,-48.96146112936535,brusque,SC
88600,-28.291582383859733,-49.933255822992784,sao joaquim,SC
88750,-28.27354928978744,-49.16896410025293,braco do norte,SC
88730,-28.327530882623098,-49.18050954005345,sao ludgero,SC
88715,-28.621531461000867,-49.023995719014565,jaguaruna,SC
88815,-28.692374718228553,-49.34024683242198,criciuma,SC
88850,-28.748325046839994,-49.483182534145975,forquilhinha,SC
88840,-28.526461585008274,-49.32174954817925,urussanga,SC
88915,-28.861002639949206,-49.446676367068925,maracana,SC
89037,-26.91225753204585,-49.11088518056733,blumenau,SC
89023,-26.953576281983977,-49.08280584277794,blumenau,SC
89041,-26.91141069525076,-49.11143612738765,blumenau,SC
89030,-26.89920664224707,-49.08352347071387,blumenau,SC
89160,-27.20981137280685,-49.63292048422235,rio do sul,SC
89198,-26.942585142640656,-50.13865875819567,rio do campo,SC
89120,-26.83365489702238,-49.26170944102369,timbo,SC
89115,-26.723201007518394,-48.93223082369532,luiz alves,SC
89295,-26.261841794823777,-49.5235885039339,rio negrinho,SC
89256,-26.487035474897464,-49.071400994171626,jaragua do sul,SC
89224,-26.270134671231133,-48.80876106346335,joinville,SC
89215,-26.3367734454671,-48.906451424923546,joinville,SC
89259,-26.49816628796401,-49.08619647149698,jaragua do sul,SC
89270,-26.471191655635046,-48.998747219317266,guaramirim,SC
89248,-26.02136726871851,-48.851805442616914,garuva,SC
89254,-26.46850294670808,-49.109883098307336,jaragua do sul,SC
89204,-26.283149245628714,-48.851284630590314,joinville,SC
89217,-26.285093458703344,-48.870102509565115,joinville,SC
89289,-26.247030877437457,-49.4588742703789,sao bento do sul,SC
89300,-26.11990678126073,-49.803153488260165,mafra,SC
89560,-27.00086872288371,-51.14532022116548,videira,SC
89620,-27.403062004188218,-51.22967409631809,campos novos,SC
89694,-26.849580675078034,-52.256987290082144,faxinal dos guedes,SC
89600,-27.16882094342798,-51.51882419291629,joacaba,SC
89610,-27.17195603801515,-51.49352558295913,herval d'oeste,SC
89820,-26.870624548868292,-52.40448790429404,xanxere,SC
89899,-26.98109912694612,-53.53465037151178,ipora do oeste,SC
89990,-26.352589411593335,-52.853064673610675,sao lourenco do oeste,SC
90010,-30.03215040714993,-51.232551699838396,porto alegre,RS
90150,-30.05684742270184,-51.22278129782434,porto alegre,RS
90230,-30.00731246906908,-51.19422244408211,porto alegre,RS
90460,-30.042101975849757,-51.18305187425711,porto alegre,RS
90480,-30.02159907383571,-51.178723476398005,porto alegre,RS
90550,-30.020227009435057,-51.195131052859445,porto alegre,RS
90640,-30.063072457672124,-51.20322268985506,porto alegre,RS
91215,-30.02792349708581,-51.141100794189015,porto alegre,RS
91280,-30.045134535662772,-51.097092861792305,porto alegre,RS
91370,-30.018188622470177,-51.14962402449404,porto alegre,RS
91550,-30.077021487809752,-51.1313949910142,porto alegre,RS
91540,-30.08286804902226,-51.13043961349074,porto alegre,RS
91920,-30.110020899532547,-51.23162798932419,porto alegre,RS
92020,-29.91005335319802,-51.169226719006566,canoas,RS
92500,-30.11082611949453,-51.36376683789562,guaiba,RS
93542,-29.6881809883103,-51.0915608374261,novo hamburgo,RS
93608,-29.666842000841118,-51.15445514217226,estancia velha,RS
94500,-30.06565935728178,-51.1109404409334,viamão,RS
94935,-29.941456390309682,-51.100506136244796,cachoeirinha,RS
94910,-29.953554209662606,-51.103414237425575,cachoeirinha,RS
95020,-29.16957635052199,-51.164852512339095,caxias do sul,RS
95045,-29.12782096078328,-51.16655636274146,caxias do sul,RS
95200,-28.517093999999997,-50.92322625,vacaria,RS
95250,-28.848240941404573,-51.27329015376859,antonio prado,RS
95240,-28.81655038417184,-51.28458123987485,ipe,RS
95255,-28.794858222421052,-51.09429466225263,campestre da serra,RS
95595,-30.17105570679884,-50.201594169231335,cidreira,RS
95590,-30.00253608355953,-50.14516704987192,tramandai,RS
95700,-29.169048413296615,-51.52189899460921,bento goncalves,RS
95780,-29.67034898140752,-51.46146829327502,montenegro,RS
95703,-29.16026705184501,-51.50783498069227,bento gonçalves,RS
95800,-29.616140787882497,-52.175875572625436,venancio aires,RS
95920,-29.30263901903529,-52.42872858803613,boqueirao do leao,RS
96081,-31.735528166253083,-52.31964031112587,pelotas,RS
96230,-33.525600570674555,-53.366420074758125,santa vitoria do palmar,RS
96211,-32.04232063459594,-52.12953397213267,rio grande,RS
96810,-29.720993053788824,-52.4277166004204,santa cruz do sul,RS
96900,-29.41729980418472,-53.0164225530434,sobradinho,RS
97030,-29.700413412718515,-53.846744201915854,santa maria,RS
97015,-29.689198816146927,-53.8064289212743,santa maria,RS
97250,-29.467945512743942,-53.46422836860997,nova palma,RS
97503,-29.775123954116786,-57.09109952167133,uruguaiana,RS
97574,-30.89801321009646,-55.53031539786274,santana do livramento,RS
98170,-29.08040922561531,-53.833264724682046,tupancireta,RS
98300,-27.890224444772645,-53.30591654790965,palmeira das missoes,RS
98700,-28.389227656496743,-53.92967622327969,ijui,RS
98870,-28.02821551115596,-54.350870386606964,girua,RS
99074,-28.26983588040974,-52.39984769135617,passo fundo,RS
99062,-28.284206765499057,-52.383798137288096,passo fundo,RS
99500,-28.28944621405989,-52.79412331824494,carazinho,RS
99990,-28.329717970441582,-51.769614685439755,muliterno,RS
